{"cameraMode":{"drawMode":0,"name":"Shaded","section":"Shading Mode"},"sceneLighting":false,"audioPlay":false,"sceneViewState":{"m_AlwaysRefresh":false,"showFog":true,"showSkybox":false,"showFlares":true,"showImageEffects":true,"showParticleSystems":true,"showVisualEffectGraphs":true,"m_FxEnabled":true},"in2DMode":false,"pivot":{"x":-3.3940961360931398,"y":1.9635677337646485,"z":-0.43470194935798647},"rotation":{"x":-0.2182403951883316,"y":-0.06564085185527802,"z":0.01466864999383688,"w":-0.9736447930335999},"size":0.9815487265586853,"orthographic":false}