{"cameraMode":{"drawMode":0,"name":"Shaded","section":"Shading Mode"},"sceneLighting":true,"audioPlay":false,"sceneViewState":{"m_AlwaysRefresh":false,"showFog":true,"showSkybox":true,"showFlares":true,"showImageEffects":true,"showParticleSystems":true,"showVisualEffectGraphs":true,"m_FxEnabled":true},"in2DMode":false,"pivot":{"x":0.2845386266708374,"y":10.793730735778809,"z":-9.768548965454102},"rotation":{"x":-0.2574846148490906,"y":0.0005668678786605597,"z":-0.0001520482765045017,"w":-0.9663594365119934},"size":1.5104166269302369,"orthographic":false}