{"cameraMode":{"drawMode":0,"name":"Shaded","section":"Shading Mode"},"sceneLighting":true,"audioPlay":false,"sceneViewState":{"m_AlwaysRefresh":false,"showFog":true,"showSkybox":true,"showFlares":true,"showImageEffects":true,"showParticleSystems":true,"showVisualEffectGraphs":true,"m_FxEnabled":true},"in2DMode":false,"pivot":{"x":1.648877739906311,"y":1.1975020170211793,"z":-2.336545944213867},"rotation":{"x":0.13861636817455293,"y":-0.2901332676410675,"z":0.042511288076639178,"w":0.9459488391876221},"size":1.112292766571045,"orthographic":false}