{"cameraMode":{"drawMode":0,"name":"Shaded","section":"Shading Mode"},"sceneLighting":false,"audioPlay":false,"sceneViewState":{"m_AlwaysRefresh":false,"showFog":true,"showSkybox":false,"showFlares":true,"showImageEffects":true,"showParticleSystems":true,"showVisualEffectGraphs":true,"m_FxEnabled":true},"in2DMode":false,"pivot":{"x":0.19003722071647645,"y":0.8286192417144775,"z":-1.6476221084594727},"rotation":{"x":0.12639614939689637,"y":-0.05025586858391762,"z":0.0064203436486423019,"w":0.990695595741272},"size":0.8660253882408142,"orthographic":false}